<?xml version="1.0" encoding="utf-8"?>
<HotfixInstallationInfo xmlns:xsi="http://www.w3.org/2001/XMLSchema-instance" xmlns:xsd="http://www.w3.org/2001/XMLSchema">
  <Name>27f55bbb-b7eb-4d93-ab26-bb4d0c85f404</Name>
  <Description>Deployable package created from visual studio</Description>
  <InstallationDateTime>0001-01-01T00:00:00</InstallationDateTime>
  <InstallationInfoFilePath>C:\Users\localadmin\AppData\Local\Temp\2\tmpCE90.tmp\HotfixInstallationInfo.xml</InstallationInfoFilePath>
  <Version />
  <Publisher>Non-Microsoft</Publisher>
  <GeneratedFromAXMetadata>false</GeneratedFromAXMetadata>
  <Type>ApplicationPackage</Type>
  <IncludedDeployablePackages />
  <ServiceModelList />
  <OtherComponentList />
  <MetadataModuleRelease>Update56</MetadataModuleRelease>
  <MetadataModuleList>
    <string>ustmodel.7.0.6801.37</string>
  </MetadataModuleList>
  <MetadataModelList />
  <PlatformReleaseDisplayName>Update56</PlatformReleaseDisplayName>
  <PlatformVersion>7.0.6801.37</PlatformVersion>
  <IsCompatibleWithSealedRelease>true</IsCompatibleWithSealedRelease>
  <IsCompatibleWithApp81PlusRelease>true</IsCompatibleWithApp81PlusRelease>
  <AllComponentList>
    <ArrayOfString>
      <string>AX Module</string>
      <string>ustmodel.7.0.6801.37</string>
    </ArrayOfString>
  </AllComponentList>
</HotfixInstallationInfo>